benny_is_awesome,16a98b135bd07369f61451d9b909b7aeb6d83d785b5372ca4009895740459762
ben123,de70fa60cac227cbc13270a26ccde291af94df086959f0958122aedf154d90b5
coool kid,81b637d8fcd2c6da6359e6963113a1170de795e4b725b84d1e0b4cfd9ec58ce9
bob,a665a45920422f9d417e4867efdc4fb8a04a1f3fff1fa07e998e86f7f7a27ae3
bobby,a665a45920422f9d417e4867efdc4fb8a04a1f3fff1fa07e998e86f7f7a27ae3
ben,c7c277ab759206ad7e5be8366eb4722ef7ad22157ee857a49b047aecb62a01b6
12,6b86b273ff34fce19d6b804eff5a3f5747ada4eaa22f1d49c01e52ddb7875b4b
b,6700869c8ff7480e34a70a708b028700dbaa3a033b5652b903afe89f49a31456
bbbb,5994471abb01112afcc18159f6cc74b4f511b99806da59b3caf5a9c173cacfc5
cool,a665a45920422f9d417e4867efdc4fb8a04a1f3fff1fa07e998e86f7f7a27ae3
bennyy,5994471abb01112afcc18159f6cc74b4f511b99806da59b3caf5a9c173cacfc5
be,6700869c8ff7480e34a70a708b028700dbaa3a033b5652b903afe89f49a31456
nj,d1fee3a146636cbf458f7e55323e52a1cd8b4531e737fb924da1395e48833326
beee,46599c5bb5c33101f80cea8438e2228085513dbbb19b2f5ce97bd68494d3344d
bbbbb,3b64db95cb55c763391c707108489ae18b4112d783300de38e033b4c98c3deaf
b,3b64db95cb55c763391c707108489ae18b4112d783300de38e033b4c98c3deaf
nnn,1b16b1df538ba12dc3f97edbb85caa7050d46c148134290feba80f8236c83db9
ttt,e3b98a4da31a127d4bde6e43033f66ba274cab0eb7eb1c70ec41402bf6273dd8
beeee,a665a45920422f9d417e4867efdc4fb8a04a1f3fff1fa07e998e86f7f7a27ae3
bee,a665a45920422f9d417e4867efdc4fb8a04a1f3fff1fa07e998e86f7f7a27ae3
benn,3b64db95cb55c763391c707108489ae18b4112d783300de38e033b4c98c3deaf
b,4a857a14e2f576c40522f35d1121d1c17add99303cb05cf516516c9a7ae1e63f
bbb,a665a45920422f9d417e4867efdc4fb8a04a1f3fff1fa07e998e86f7f7a27ae3
bbbbbb,6b86b273ff34fce19d6b804eff5a3f5747ada4eaa22f1d49c01e52ddb7875b4b
aaaaaaa,6b86b273ff34fce19d6b804eff5a3f5747ada4eaa22f1d49c01e52ddb7875b4b
bb,3b64db95cb55c763391c707108489ae18b4112d783300de38e033b4c98c3deaf
bbbb,27a84712e4b22c415fc544d55cdee82327a829f96d03329457f76ebf9af4dcaa
hi,8f434346648f6b96df89dda901c5176b10a6d83961dd3c1ac88b59b2dc327aa4
s,043a718774c572bd8a25adbeb1bfcd5c0256ae11cecf9f9c3f925d0e52beaf89
ss,a31fe9656fc8d3a459e623dc8204e6d0268f8df56d734dac3ca3262edb5db883
dd,9b7ecc6eeb83abf9ade10fe38865df4499be3568dcc507ae2ec3b44989cb0093
ee,27a84712e4b22c415fc544d55cdee82327a829f96d03329457f76ebf9af4dcaa
ee,05a9bf223fedf80a9d0da5f73f5c191a665bf4a0a4a3e608f2f9e7d5ff23959c
00,2ac9a6746aca543af8dff39894cfe8173afba21eb01c6fae33d52947222855ef
1,4fc82b26aecb47d2868c4efbe3581732a3e7cbcc6c2efb32062c08170a05eeb8
r,454349e422f05297191ead13e21d3db520e5abef52055e4964b82fb213f593a1
bbbbbbb,6b86b273ff34fce19d6b804eff5a3f5747ada4eaa22f1d49c01e52ddb7875b4b
dsada,043a718774c572bd8a25adbeb1bfcd5c0256ae11cecf9f9c3f925d0e52beaf89
BC,fb8e20fc2e4c3f248c60c39bd652f3c1347298bb977b8b4d5903b85055620603
123,a665a45920422f9d417e4867efdc4fb8a04a1f3fff1fa07e998e86f7f7a27ae3
,e3b0c44298fc1c149afbf4c8996fb92427ae41e4649b934ca495991b7852b855
2,d4735e3a265e16eee03f59718b9b5d03019c07d8b6c51f90da3a666eec13ab35
